session_id,is_test,active,assigned_item_ids,created_at,notes
acl-test-01-062f6e4e,true,true,T03-E2|T09-C2|T10-C2|T02-C2|T01-A2|T08-A2|T04-C1|T09-E1|T13-A1|T11-A1|T08-E2|T07-A1|T05-C1|T01-C1|T14-E1|T06-C1|T12-E1|T15-E2|T02-A2|T05-C2|T03-A2|T07-E2|T06-A1|T04-E1,2026-08-08,Test session 01
acl-test-02-9b7bec3d,true,true,T14-A1|T13-A2|T04-C2|T12-E2|T10-A1|T15-C2|T09-C1|T14-E2|T08-E1|T11-A2|T05-E1|T06-C2|T10-E1|T08-C1|T07-A2|T01-C2|T02-C1|T13-E2|T12-A2|T07-C1|T09-E2|T15-A1|T03-A1|T11-E1,2026-08-08,Test session 02
acl-test-03-5f363b82,true,true,T01-E1|T07-C1|T05-A2|T11-C1|T12-A1|T14-A1|T13-C1|T15-A2|T03-E1|T08-C2|T06-A2|T04-E2|T01-E2|T13-C2|T02-C2|T15-C1|T06-E1|T05-E2|T04-E1|T09-A1|T02-A1|T10-E2|T14-C2|T03-A2,2026-08-08,Test session 03
acl-test-04-d0090cbe,true,true,T08-A1|T10-A1|T11-C2|T09-A2|T07-C2|T06-E2|T12-C1|T05-C2|T14-A2|T04-E2|T08-E1|T15-C1|T02-E1|T12-A2|T09-C1|T06-E1|T01-E2|T04-A1|T07-E1|T03-C1|T05-A1|T10-A2|T13-C2|T11-E2,2026-08-08,Test session 04
acl-test-05-51f4cade,true,true,T13-A1|T06-A1|T02-E2|T14-A2|T09-C1|T01-C2|T12-C1|T10-A2|T02-A2|T15-E1|T05-A2|T07-E1|T01-A1|T12-C2|T11-E1|T14-C1|T03-C2|T15-C2|T13-E1|T10-C1|T04-A1|T11-E2|T08-E2|T03-E2,2026-08-08,Test session 05
acl-test-06-15d24940,true,true,T08-A2|T07-C2|T12-C2|T03-C1|T05-A1|T09-C2|T01-E1|T14-C2|T07-E2|T13-E2|T05-C1|T11-E2|T02-A1|T15-E1|T04-C1|T06-E2|T03-E1|T01-A2|T09-A1|T04-A2|T06-A2|T08-A1|T02-E1|T10-C1,2026-08-08,Test session 06
acl-test-07-4442c4c8,true,true,T07-A2|T14-C1|T13-E1|T05-C2|T08-C2|T15-A2|T12-E1|T10-E2|T11-A1|T13-A1|T02-A2|T04-C1|T15-E2|T08-A2|T12-A1|T09-E1|T14-E1|T10-C2|T06-C1|T01-C1|T09-E2|T11-C2|T07-A1|T03-E2,2026-08-08,Test session 07
acl-test-08-f5263daf,true,true,T02-C1|T13-A2|T04-C2|T15-A1|T09-E2|T05-E2|T03-C2|T01-C2|T13-C1|T12-E2|T06-C2|T14-A1|T11-A2|T01-A1|T05-E1|T10-E1|T06-E1|T14-E2|T03-A1|T04-A2|T15-C1|T07-A2|T08-C1|T02-E1,2026-08-08,Test session 08
acl-test-09-f85baec3,true,true,T07-E2|T08-E2|T11-C1|T12-A1|T09-A2|T10-E2|T04-E1|T07-C1|T06-E1|T05-C1|T13-C1|T09-A1|T03-A2|T14-A1|T10-A1|T01-E1|T11-E1|T08-C2|T12-C2|T06-C2|T15-A2|T04-A2|T05-E2|T02-C2,2026-08-08,Test session 09
acl-test-10-70b41995,true,true,T02-E1|T04-E2|T07-C2|T15-A1|T14-A2|T12-E1|T08-E1|T11-C2|T01-A1|T14-C2|T13-A2|T03-E1|T05-A1|T10-C1|T11-C1|T15-C1|T06-E2|T02-E2|T10-A1|T09-A2|T13-C2|T01-E2|T12-A2|T03-C1,2026-08-08,Test session 10
