window_index,ast_laughter_score,ast_any_laughter_score,ast_top_labels
0,0.11547887325286865,0.11547887325286865,"[{""label"": ""Speech"", ""score"": 0.9219091534614563}, {""label"": ""Male speech, man speaking"", ""score"": 0.34936437010765076}, {""label"": ""Narration, monologue"", ""score"": 0.1831725835800171}, {""label"": ""Chuckle, chortle"", ""score"": 0.17698431015014648}, {""label"": ""Laughter"", ""score"": 0.11547887325286865}]"
1,0.1367012858390808,0.1367012858390808,"[{""label"": ""Speech"", ""score"": 0.879061222076416}, {""label"": ""Male speech, man speaking"", ""score"": 0.3710198700428009}, {""label"": ""Narration, monologue"", ""score"": 0.16027559340000153}, {""label"": ""Chuckle, chortle"", ""score"": 0.15039938688278198}, {""label"": ""Laughter"", ""score"": 0.1367012858390808}]"
2,0.009783872403204441,0.009783872403204441,"[{""label"": ""Domestic animals, pets"", ""score"": 0.13969479501247406}, {""label"": ""Dog"", ""score"": 0.13968780636787415}, {""label"": ""Howl"", ""score"": 0.10882352292537689}, {""label"": ""Animal"", ""score"": 0.10259054601192474}, {""label"": ""Inside, small room"", ""score"": 0.09649717807769775}]"
3,0.052427466958761215,0.052427466958761215,"[{""label"": ""Speech"", ""score"": 0.92412269115448}, {""label"": ""Chuckle, chortle"", ""score"": 0.26356953382492065}, {""label"": ""Female speech, woman speaking"", ""score"": 0.24159234762191772}, {""label"": ""Conversation"", ""score"": 0.22548237442970276}, {""label"": ""Male speech, man speaking"", ""score"": 0.12197860330343246}]"
4,0.022340955212712288,0.022340955212712288,"[{""label"": ""Speech"", ""score"": 0.8377503752708435}, {""label"": ""Female speech, woman speaking"", ""score"": 0.06605594605207443}, {""label"": ""Conversation"", ""score"": 0.05142156034708023}, {""label"": ""Gargling"", ""score"": 0.04896640405058861}, {""label"": ""Male speech, man speaking"", ""score"": 0.04035241901874542}]"
5,0.08171909302473068,0.08171909302473068,"[{""label"": ""Speech"", ""score"": 0.8249478340148926}, {""label"": ""Chuckle, chortle"", ""score"": 0.22351425886154175}, {""label"": ""Male speech, man speaking"", ""score"": 0.1804277002811432}, {""label"": ""Laughter"", ""score"": 0.08171909302473068}, {""label"": ""Narration, monologue"", ""score"": 0.07859548926353455}]"
6,0.03143133595585823,0.03143133595585823,"[{""label"": ""Speech"", ""score"": 0.864169180393219}, {""label"": ""Male speech, man speaking"", ""score"": 0.1229347363114357}, {""label"": ""Narration, monologue"", ""score"": 0.07893898338079453}, {""label"": ""Conversation"", ""score"": 0.07889467477798462}, {""label"": ""Female speech, woman speaking"", ""score"": 0.06965917348861694}]"
7,0.008910217322409153,0.008910217322409153,"[{""label"": ""Speech"", ""score"": 0.8667290210723877}, {""label"": ""Inside, small room"", ""score"": 0.037393998354673386}, {""label"": ""Narration, monologue"", ""score"": 0.0355045311152935}, {""label"": ""Gasp"", ""score"": 0.03415706381201744}, {""label"": ""Breathing"", ""score"": 0.0320751890540123}]"
8,0.07831096649169922,0.07831096649169922,"[{""label"": ""Speech"", ""score"": 0.8475162982940674}, {""label"": ""Chuckle, chortle"", ""score"": 0.09157250076532364}, {""label"": ""Laughter"", ""score"": 0.07831096649169922}, {""label"": ""Male speech, man speaking"", ""score"": 0.0679919496178627}, {""label"": ""Roar"", ""score"": 0.060346584767103195}]"
9,0.19556716084480286,0.19556716084480286,"[{""label"": ""Speech"", ""score"": 0.8211782574653625}, {""label"": ""Laughter"", ""score"": 0.19556716084480286}, {""label"": ""Chuckle, chortle"", ""score"": 0.1402248591184616}, {""label"": ""Snicker"", ""score"": 0.11872221529483795}, {""label"": ""Male speech, man speaking"", ""score"": 0.07764627039432526}]"
10,0.049764834344387054,0.049764834344387054,"[{""label"": ""Speech"", ""score"": 0.7863855957984924}, {""label"": ""Clapping"", ""score"": 0.462930291891098}, {""label"": ""Hands"", ""score"": 0.13971781730651855}, {""label"": ""Child speech, kid speaking"", ""score"": 0.12287773191928864}, {""label"": ""Inside, large room or hall"", ""score"": 0.07308494299650192}]"
11,0.15280510485172272,0.15280510485172272,"[{""label"": ""Speech"", ""score"": 0.8133376836776733}, {""label"": ""Chuckle, chortle"", ""score"": 0.315635085105896}, {""label"": ""Laughter"", ""score"": 0.15280510485172272}, {""label"": ""Snicker"", ""score"": 0.14563852548599243}, {""label"": ""Female speech, woman speaking"", ""score"": 0.08979874104261398}]"
12,0.0984463170170784,0.0984463170170784,"[{""label"": ""Speech"", ""score"": 0.8379564881324768}, {""label"": ""Chuckle, chortle"", ""score"": 0.19465085864067078}, {""label"": ""Male speech, man speaking"", ""score"": 0.14657948911190033}, {""label"": ""Laughter"", ""score"": 0.0984463170170784}, {""label"": ""Narration, monologue"", ""score"": 0.08999259024858475}]"
13,0.013138151727616787,0.013138151727616787,"[{""label"": ""Speech"", ""score"": 0.6461786031723022}, {""label"": ""Crumpling, crinkling"", ""score"": 0.19340164959430695}, {""label"": ""Inside, small room"", ""score"": 0.14371563494205475}, {""label"": ""Tearing"", ""score"": 0.05556938797235489}, {""label"": ""Pant"", ""score"": 0.026483211666345596}]"
14,0.0519261509180069,0.0519261509180069,"[{""label"": ""Speech"", ""score"": 0.7387790083885193}, {""label"": ""Pant"", ""score"": 0.08970559388399124}, {""label"": ""Male speech, man speaking"", ""score"": 0.06793462485074997}, {""label"": ""Laughter"", ""score"": 0.0519261509180069}, {""label"": ""Door"", ""score"": 0.046062126755714417}]"
15,0.016044309362769127,0.016044309362769127,"[{""label"": ""Speech"", ""score"": 0.6706500053405762}, {""label"": ""Basketball bounce"", ""score"": 0.0838681235909462}, {""label"": ""Inside, large room or hall"", ""score"": 0.04760219156742096}, {""label"": ""Male speech, man speaking"", ""score"": 0.04499564319849014}, {""label"": ""Narration, monologue"", ""score"": 0.03160541504621506}]"
16,0.10849469900131226,0.10849469900131226,"[{""label"": ""Speech"", ""score"": 0.6628965735435486}, {""label"": ""Laughter"", ""score"": 0.10849469900131226}, {""label"": ""Chuckle, chortle"", ""score"": 0.08255936205387115}, {""label"": ""Water"", ""score"": 0.0632854476571083}, {""label"": ""Hiss"", ""score"": 0.04588685184717178}]"
17,0.2696874141693115,0.2696874141693115,"[{""label"": ""Speech"", ""score"": 0.8424478769302368}, {""label"": ""Laughter"", ""score"": 0.2696874141693115}, {""label"": ""Chuckle, chortle"", ""score"": 0.25477585196495056}, {""label"": ""Snicker"", ""score"": 0.17973120510578156}, {""label"": ""Male speech, man speaking"", ""score"": 0.08692869544029236}]"
18,0.14287777245044708,0.14287777245044708,"[{""label"": ""Speech"", ""score"": 0.8597443103790283}, {""label"": ""Chuckle, chortle"", ""score"": 0.2716624140739441}, {""label"": ""Laughter"", ""score"": 0.14287777245044708}, {""label"": ""Conversation"", ""score"": 0.09473910927772522}, {""label"": ""Snicker"", ""score"": 0.07661578059196472}]"
19,0.16909557580947876,0.16909557580947876,"[{""label"": ""Speech"", ""score"": 0.8780142664909363}, {""label"": ""Chuckle, chortle"", ""score"": 0.3068915605545044}, {""label"": ""Laughter"", ""score"": 0.16909557580947876}, {""label"": ""Male speech, man speaking"", ""score"": 0.11030828207731247}, {""label"": ""Snicker"", ""score"": 0.10660071671009064}]"
20,0.1284891813993454,0.1284891813993454,"[{""label"": ""Speech"", ""score"": 0.8953322768211365}, {""label"": ""Chuckle, chortle"", ""score"": 0.2936336100101471}, {""label"": ""Male speech, man speaking"", ""score"": 0.15907397866249084}, {""label"": ""Laughter"", ""score"": 0.1284891813993454}, {""label"": ""Conversation"", ""score"": 0.08470150083303452}]"
21,0.17483972012996674,0.17483972012996674,"[{""label"": ""Speech"", ""score"": 0.8062248229980469}, {""label"": ""Chuckle, chortle"", ""score"": 0.26456862688064575}, {""label"": ""Laughter"", ""score"": 0.17483972012996674}, {""label"": ""Snicker"", ""score"": 0.09003688395023346}, {""label"": ""Male speech, man speaking"", ""score"": 0.06826381385326385}]"
22,0.27196770906448364,0.27196770906448364,"[{""label"": ""Speech"", ""score"": 0.9377418160438538}, {""label"": ""Chuckle, chortle"", ""score"": 0.5228003263473511}, {""label"": ""Laughter"", ""score"": 0.27196770906448364}, {""label"": ""Snicker"", ""score"": 0.18251168727874756}, {""label"": ""Male speech, man speaking"", ""score"": 0.15219677984714508}]"
23,0.29700782895088196,0.29700782895088196,"[{""label"": ""Speech"", ""score"": 0.9453536868095398}, {""label"": ""Chuckle, chortle"", ""score"": 0.5822722911834717}, {""label"": ""Laughter"", ""score"": 0.29700782895088196}, {""label"": ""Snicker"", ""score"": 0.22783862054347992}, {""label"": ""Male speech, man speaking"", ""score"": 0.1435246616601944}]"
24,0.15892289578914642,0.15892289578914642,"[{""label"": ""Speech"", ""score"": 0.9182495474815369}, {""label"": ""Chuckle, chortle"", ""score"": 0.4238608777523041}, {""label"": ""Laughter"", ""score"": 0.15892289578914642}, {""label"": ""Snicker"", ""score"": 0.13775748014450073}, {""label"": ""Male speech, man speaking"", ""score"": 0.08288206905126572}]"
25,0.15016084909439087,0.15016084909439087,"[{""label"": ""Speech"", ""score"": 0.8918820023536682}, {""label"": ""Chuckle, chortle"", ""score"": 0.2898007333278656}, {""label"": ""Laughter"", ""score"": 0.15016084909439087}, {""label"": ""Male speech, man speaking"", ""score"": 0.12278077006340027}, {""label"": ""Conversation"", ""score"": 0.10945384204387665}]"
26,0.19693595170974731,0.19693595170974731,"[{""label"": ""Speech"", ""score"": 0.939621090888977}, {""label"": ""Chuckle, chortle"", ""score"": 0.4268266260623932}, {""label"": ""Laughter"", ""score"": 0.19693595170974731}, {""label"": ""Male speech, man speaking"", ""score"": 0.17405001819133759}, {""label"": ""Snicker"", ""score"": 0.13759686052799225}]"
27,0.2500371038913727,0.2500371038913727,"[{""label"": ""Speech"", ""score"": 0.9267799854278564}, {""label"": ""Chuckle, chortle"", ""score"": 0.3393642008304596}, {""label"": ""Laughter"", ""score"": 0.2500371038913727}, {""label"": ""Snicker"", ""score"": 0.19794471561908722}, {""label"": ""Male speech, man speaking"", ""score"": 0.08791401982307434}]"
28,0.17543239891529083,0.17543239891529083,"[{""label"": ""Speech"", ""score"": 0.9164528250694275}, {""label"": ""Chuckle, chortle"", ""score"": 0.26669928431510925}, {""label"": ""Laughter"", ""score"": 0.17543239891529083}, {""label"": ""Snicker"", ""score"": 0.15104688704013824}, {""label"": ""Male speech, man speaking"", ""score"": 0.11505550146102905}]"
29,0.1330762654542923,0.1330762654542923,"[{""label"": ""Speech"", ""score"": 0.9049611687660217}, {""label"": ""Chuckle, chortle"", ""score"": 0.3153809905052185}, {""label"": ""Snicker"", ""score"": 0.14266638457775116}, {""label"": ""Laughter"", ""score"": 0.1330762654542923}, {""label"": ""Male speech, man speaking"", ""score"": 0.09887701272964478}]"
30,0.17397291958332062,0.17397291958332062,"[{""label"": ""Speech"", ""score"": 0.9235163331031799}, {""label"": ""Chuckle, chortle"", ""score"": 0.3201785981655121}, {""label"": ""Laughter"", ""score"": 0.17397291958332062}, {""label"": ""Male speech, man speaking"", ""score"": 0.11873536556959152}, {""label"": ""Snicker"", ""score"": 0.07837828248739243}]"
31,0.09503281861543655,0.09503281861543655,"[{""label"": ""Speech"", ""score"": 0.9004956483840942}, {""label"": ""Chuckle, chortle"", ""score"": 0.2713434398174286}, {""label"": ""Conversation"", ""score"": 0.1899658888578415}, {""label"": ""Female speech, woman speaking"", ""score"": 0.14334863424301147}, {""label"": ""Male speech, man speaking"", ""score"": 0.11599515378475189}]"
32,0.14295390248298645,0.14295390248298645,"[{""label"": ""Speech"", ""score"": 0.9248800277709961}, {""label"": ""Chuckle, chortle"", ""score"": 0.3225332796573639}, {""label"": ""Laughter"", ""score"": 0.14295390248298645}, {""label"": ""Female speech, woman speaking"", ""score"": 0.13156524300575256}, {""label"": ""Male speech, man speaking"", ""score"": 0.1025288850069046}]"
33,0.18451538681983948,0.18451538681983948,"[{""label"": ""Speech"", ""score"": 0.9071943163871765}, {""label"": ""Chuckle, chortle"", ""score"": 0.391996830701828}, {""label"": ""Laughter"", ""score"": 0.18451538681983948}, {""label"": ""Snicker"", ""score"": 0.10495278239250183}, {""label"": ""Male speech, man speaking"", ""score"": 0.10235924273729324}]"
34,0.09414701163768768,0.09414701163768768,"[{""label"": ""Speech"", ""score"": 0.9055201411247253}, {""label"": ""Chuckle, chortle"", ""score"": 0.3051498234272003}, {""label"": ""Conversation"", ""score"": 0.15534311532974243}, {""label"": ""Female speech, woman speaking"", ""score"": 0.13197344541549683}, {""label"": ""Male speech, man speaking"", ""score"": 0.11011838167905807}]"
35,0.11403993517160416,0.11403993517160416,"[{""label"": ""Speech"", ""score"": 0.8233498930931091}, {""label"": ""Chuckle, chortle"", ""score"": 0.3723401725292206}, {""label"": ""Male speech, man speaking"", ""score"": 0.11442786455154419}, {""label"": ""Laughter"", ""score"": 0.11403993517160416}, {""label"": ""Snicker"", ""score"": 0.09784448146820068}]"
36,0.14771601557731628,0.14771601557731628,"[{""label"": ""Speech"", ""score"": 0.8511296510696411}, {""label"": ""Chuckle, chortle"", ""score"": 0.24097584187984467}, {""label"": ""Snicker"", ""score"": 0.1521882712841034}, {""label"": ""Laughter"", ""score"": 0.14771601557731628}, {""label"": ""Chatter"", ""score"": 0.11231940239667892}]"
37,0.12423262000083923,0.12423262000083923,"[{""label"": ""Speech"", ""score"": 0.9419344067573547}, {""label"": ""Chatter"", ""score"": 0.3424963057041168}, {""label"": ""Chuckle, chortle"", ""score"": 0.19817939400672913}, {""label"": ""Snicker"", ""score"": 0.15961122512817383}, {""label"": ""Laughter"", ""score"": 0.12423262000083923}]"
38,0.26246604323387146,0.26246604323387146,"[{""label"": ""Speech"", ""score"": 0.9501650333404541}, {""label"": ""Chuckle, chortle"", ""score"": 0.3814263641834259}, {""label"": ""Snicker"", ""score"": 0.32257527112960815}, {""label"": ""Laughter"", ""score"": 0.26246604323387146}, {""label"": ""Chatter"", ""score"": 0.19806945323944092}]"
39,0.293031245470047,0.293031245470047,"[{""label"": ""Speech"", ""score"": 0.9191054105758667}, {""label"": ""Chuckle, chortle"", ""score"": 0.4297671616077423}, {""label"": ""Laughter"", ""score"": 0.293031245470047}, {""label"": ""Snicker"", ""score"": 0.1606469601392746}, {""label"": ""Male speech, man speaking"", ""score"": 0.08242639899253845}]"
40,0.2116786390542984,0.2116786390542984,"[{""label"": ""Speech"", ""score"": 0.9089997410774231}, {""label"": ""Chuckle, chortle"", ""score"": 0.35887521505355835}, {""label"": ""Male speech, man speaking"", ""score"": 0.34037503600120544}, {""label"": ""Laughter"", ""score"": 0.2116786390542984}, {""label"": ""Narration, monologue"", ""score"": 0.1141265481710434}]"
41,0.2074693888425827,0.2074693888425827,"[{""label"": ""Speech"", ""score"": 0.8486433625221252}, {""label"": ""Chuckle, chortle"", ""score"": 0.3021458089351654}, {""label"": ""Laughter"", ""score"": 0.2074693888425827}, {""label"": ""Male speech, man speaking"", ""score"": 0.18257471919059753}, {""label"": ""Snicker"", ""score"": 0.09804657101631165}]"
42,0.2565983533859253,0.2565983533859253,"[{""label"": ""Speech"", ""score"": 0.8392401337623596}, {""label"": ""Chuckle, chortle"", ""score"": 0.3608090877532959}, {""label"": ""Laughter"", ""score"": 0.2565983533859253}, {""label"": ""Male speech, man speaking"", ""score"": 0.19429941475391388}, {""label"": ""Snicker"", ""score"": 0.1223553717136383}]"
43,0.24965745210647583,0.24965745210647583,"[{""label"": ""Speech"", ""score"": 0.8593572378158569}, {""label"": ""Chuckle, chortle"", ""score"": 0.43452519178390503}, {""label"": ""Laughter"", ""score"": 0.24965745210647583}, {""label"": ""Snicker"", ""score"": 0.19735445082187653}, {""label"": ""Male speech, man speaking"", ""score"": 0.08313953131437302}]"
44,0.012194792740046978,0.012194792740046978,"[{""label"": ""Speech"", ""score"": 0.7391223907470703}, {""label"": ""Conversation"", ""score"": 0.08230464905500412}, {""label"": ""Female speech, woman speaking"", ""score"": 0.04659951850771904}, {""label"": ""Narration, monologue"", ""score"": 0.04522876814007759}, {""label"": ""Male speech, man speaking"", ""score"": 0.039887722581624985}]"
45,0.10577230900526047,0.10577230900526047,"[{""label"": ""Speech"", ""score"": 0.881751298904419}, {""label"": ""Chuckle, chortle"", ""score"": 0.2738175690174103}, {""label"": ""Male speech, man speaking"", ""score"": 0.18451067805290222}, {""label"": ""Snicker"", ""score"": 0.13908201456069946}, {""label"": ""Laughter"", ""score"": 0.10577230900526047}]"
46,0.171752467751503,0.171752467751503,"[{""label"": ""Speech"", ""score"": 0.880154550075531}, {""label"": ""Chuckle, chortle"", ""score"": 0.31135043501853943}, {""label"": ""Laughter"", ""score"": 0.171752467751503}, {""label"": ""Snicker"", ""score"": 0.15426111221313477}, {""label"": ""Inside, large room or hall"", ""score"": 0.07489169389009476}]"
47,0.03200579807162285,0.03200579807162285,"[{""label"": ""Speech"", ""score"": 0.7483397722244263}, {""label"": ""Conversation"", ""score"": 0.06739819049835205}, {""label"": ""Male speech, man speaking"", ""score"": 0.050268832594156265}, {""label"": ""Narration, monologue"", ""score"": 0.04554455354809761}, {""label"": ""Chuckle, chortle"", ""score"": 0.040924809873104095}]"
48,0.1769169569015503,0.1769169569015503,"[{""label"": ""Speech"", ""score"": 0.6304842829704285}, {""label"": ""Chuckle, chortle"", ""score"": 0.3430814743041992}, {""label"": ""Laughter"", ""score"": 0.1769169569015503}, {""label"": ""Snicker"", ""score"": 0.16311395168304443}, {""label"": ""Male speech, man speaking"", ""score"": 0.027188332751393318}]"
49,0.15862277150154114,0.15862277150154114,"[{""label"": ""Speech"", ""score"": 0.8114092946052551}, {""label"": ""Chuckle, chortle"", ""score"": 0.27715998888015747}, {""label"": ""Laughter"", ""score"": 0.15862277150154114}, {""label"": ""Male speech, man speaking"", ""score"": 0.1494261473417282}, {""label"": ""Snicker"", ""score"": 0.08392265439033508}]"
50,0.26252371072769165,0.26252371072769165,"[{""label"": ""Speech"", ""score"": 0.6178926825523376}, {""label"": ""Laughter"", ""score"": 0.26252371072769165}, {""label"": ""Chuckle, chortle"", ""score"": 0.2351844757795334}, {""label"": ""Snicker"", ""score"": 0.19907134771347046}, {""label"": ""Baby cry, infant cry"", ""score"": 0.06856367737054825}]"
51,0.3939553499221802,0.3939553499221802,"[{""label"": ""Speech"", ""score"": 0.8735398054122925}, {""label"": ""Chuckle, chortle"", ""score"": 0.5142738819122314}, {""label"": ""Laughter"", ""score"": 0.3939553499221802}, {""label"": ""Snicker"", ""score"": 0.266075074672699}, {""label"": ""Inside, large room or hall"", ""score"": 0.04706558585166931}]"
52,0.1991756111383438,0.1991756111383438,"[{""label"": ""Speech"", ""score"": 0.8146732449531555}, {""label"": ""Chuckle, chortle"", ""score"": 0.3315097391605377}, {""label"": ""Laughter"", ""score"": 0.1991756111383438}, {""label"": ""Male speech, man speaking"", ""score"": 0.14950266480445862}, {""label"": ""Snicker"", ""score"": 0.1307266652584076}]"
53,0.19927728176116943,0.19927728176116943,"[{""label"": ""Speech"", ""score"": 0.866678774356842}, {""label"": ""Chuckle, chortle"", ""score"": 0.3216151297092438}, {""label"": ""Laughter"", ""score"": 0.19927728176116943}, {""label"": ""Male speech, man speaking"", ""score"": 0.130057230591774}, {""label"": ""Snicker"", ""score"": 0.10737985372543335}]"
54,0.06264965236186981,0.06264965236186981,"[{""label"": ""Speech"", ""score"": 0.8701527714729309}, {""label"": ""Male speech, man speaking"", ""score"": 0.10335803776979446}, {""label"": ""Breathing"", ""score"": 0.1000886932015419}, {""label"": ""Chuckle, chortle"", ""score"": 0.09814731776714325}, {""label"": ""Gasp"", ""score"": 0.08494354784488678}]"
55,0.12311597168445587,0.12311597168445587,"[{""label"": ""Speech"", ""score"": 0.8510920405387878}, {""label"": ""Chuckle, chortle"", ""score"": 0.18567655980587006}, {""label"": ""Laughter"", ""score"": 0.12311597168445587}, {""label"": ""Male speech, man speaking"", ""score"": 0.09711037576198578}, {""label"": ""Snicker"", ""score"": 0.0941883847117424}]"
56,0.015050494112074375,0.015050494112074375,"[{""label"": ""Speech"", ""score"": 0.663740336894989}, {""label"": ""Narration, monologue"", ""score"": 0.08057061582803726}, {""label"": ""Male speech, man speaking"", ""score"": 0.04112108424305916}, {""label"": ""Chuckle, chortle"", ""score"": 0.040561240166425705}, {""label"": ""Pant"", ""score"": 0.032470326870679855}]"
57,0.256197452545166,0.256197452545166,"[{""label"": ""Speech"", ""score"": 0.8040973544120789}, {""label"": ""Chuckle, chortle"", ""score"": 0.3426658511161804}, {""label"": ""Laughter"", ""score"": 0.256197452545166}, {""label"": ""Male speech, man speaking"", ""score"": 0.16022950410842896}, {""label"": ""Snicker"", ""score"": 0.13482123613357544}]"
58,0.1920160949230194,0.1920160949230194,"[{""label"": ""Speech"", ""score"": 0.8256255388259888}, {""label"": ""Chuckle, chortle"", ""score"": 0.29681509733200073}, {""label"": ""Laughter"", ""score"": 0.1920160949230194}, {""label"": ""Snicker"", ""score"": 0.16252268850803375}, {""label"": ""Male speech, man speaking"", ""score"": 0.14191611111164093}]"
59,0.15265576541423798,0.15265576541423798,"[{""label"": ""Speech"", ""score"": 0.8350415825843811}, {""label"": ""Chuckle, chortle"", ""score"": 0.2275758981704712}, {""label"": ""Male speech, man speaking"", ""score"": 0.19882774353027344}, {""label"": ""Laughter"", ""score"": 0.15265576541423798}, {""label"": ""Snicker"", ""score"": 0.09965704381465912}]"
60,0.00484040193259716,0.00484040193259716,"[{""label"": ""Speech"", ""score"": 0.8653625249862671}, {""label"": ""Male speech, man speaking"", ""score"": 0.12542808055877686}, {""label"": ""Narration, monologue"", ""score"": 0.1233920305967331}, {""label"": ""Conversation"", ""score"": 0.05958573892712593}, {""label"": ""Female speech, woman speaking"", ""score"": 0.04969149827957153}]"
61,0.1161508560180664,0.1161508560180664,"[{""label"": ""Speech"", ""score"": 0.8591772317886353}, {""label"": ""Male speech, man speaking"", ""score"": 0.26033660769462585}, {""label"": ""Chuckle, chortle"", ""score"": 0.1482817828655243}, {""label"": ""Narration, monologue"", ""score"": 0.1370512694120407}, {""label"": ""Laughter"", ""score"": 0.1161508560180664}]"
62,0.13309445977210999,0.13309445977210999,"[{""label"": ""Speech"", ""score"": 0.8259428143501282}, {""label"": ""Chuckle, chortle"", ""score"": 0.25325503945350647}, {""label"": ""Snicker"", ""score"": 0.20634448528289795}, {""label"": ""Male speech, man speaking"", ""score"": 0.1371622532606125}, {""label"": ""Laughter"", ""score"": 0.13309445977210999}]"
63,0.1504082977771759,0.1504082977771759,"[{""label"": ""Speech"", ""score"": 0.7925167083740234}, {""label"": ""Chuckle, chortle"", ""score"": 0.19533035159111023}, {""label"": ""Snicker"", ""score"": 0.16333149373531342}, {""label"": ""Laughter"", ""score"": 0.1504082977771759}, {""label"": ""Male speech, man speaking"", ""score"": 0.11022886633872986}]"
64,0.20952080190181732,0.20952080190181732,"[{""label"": ""Speech"", ""score"": 0.8437991142272949}, {""label"": ""Chuckle, chortle"", ""score"": 0.25297510623931885}, {""label"": ""Snicker"", ""score"": 0.23502583801746368}, {""label"": ""Laughter"", ""score"": 0.20952080190181732}, {""label"": ""Male speech, man speaking"", ""score"": 0.12894819676876068}]"
65,0.1908857673406601,0.1908857673406601,"[{""label"": ""Speech"", ""score"": 0.8814539909362793}, {""label"": ""Chuckle, chortle"", ""score"": 0.2197399139404297}, {""label"": ""Laughter"", ""score"": 0.1908857673406601}, {""label"": ""Snicker"", ""score"": 0.16000400483608246}, {""label"": ""Male speech, man speaking"", ""score"": 0.12336832284927368}]"
66,0.18752886354923248,0.18752886354923248,"[{""label"": ""Speech"", ""score"": 0.8847882747650146}, {""label"": ""Snicker"", ""score"": 0.2450200915336609}, {""label"": ""Chuckle, chortle"", ""score"": 0.2375909686088562}, {""label"": ""Laughter"", ""score"": 0.18752886354923248}, {""label"": ""Male speech, man speaking"", ""score"": 0.1682979166507721}]"
67,0.20176421105861664,0.20176421105861664,"[{""label"": ""Speech"", ""score"": 0.8974873423576355}, {""label"": ""Chuckle, chortle"", ""score"": 0.3625525236129761}, {""label"": ""Laughter"", ""score"": 0.20176421105861664}, {""label"": ""Snicker"", ""score"": 0.1953088790178299}, {""label"": ""Male speech, man speaking"", ""score"": 0.1657624989748001}]"
68,0.0862928107380867,0.0862928107380867,"[{""label"": ""Speech"", ""score"": 0.9481733441352844}, {""label"": ""Laughter"", ""score"": 0.0862928107380867}, {""label"": ""Male speech, man speaking"", ""score"": 0.07979754358530045}, {""label"": ""Chuckle, chortle"", ""score"": 0.06700748205184937}, {""label"": ""Inside, large room or hall"", ""score"": 0.05314220115542412}]"
