window_index,window_start_sec,window_end_sec,window_duration_sec,source,omine_segment_index,omine_start_sec,omine_end_sec,omine_duration_sec
0,90.044,100.044,10.0,omine_centered_window,0,94.4727793696275,95.61604584527221,1.1432664756447082
1,91.689,101.689,10.0,omine_centered_window,1,96.41833810888252,96.95988538681948,0.5415472779369566
2,103.049,113.049,10.0,omine_centered_window,2,107.74785100286533,108.34957020057307,0.6017191977077374
3,132.246,142.246,10.0,omine_centered_window,3,136.82521489971347,137.6676217765043,0.8424068767908182
4,141.358,151.358,10.0,omine_centered_window,4,146.0573065902579,146.65902578796562,0.6017191977077232
5,169.403,179.403,10.0,omine_centered_window,5,173.34957020057305,175.45558739255014,2.106017191977088
6,175.973,185.973,10.0,omine_centered_window,6,180.64183381088824,181.30372492836676,0.6618911174785183
7,210.762,220.762,10.0,omine_centered_window,7,215.4813753581662,216.04297994269342,0.561604584527231
8,224.262,234.262,10.0,omine_centered_window,8,228.97134670487105,229.55300859598853,0.5816618911174771
9,229.092,239.092,10.0,omine_centered_window,9,233.83094555873924,234.35243553008596,0.5214899713467105
10,259.713,269.713,10.0,omine_centered_window,10,264.3323782234957,265.0945558739255,0.7621776504298055
11,266.087,276.087,10.0,omine_centered_window,11,270.35530085959886,271.8194842406877,1.4641833810888443
12,311.845,321.845,10.0,omine_centered_window,12,316.48424068767906,317.2063037249284,0.7220630372493133
13,350.877,360.877,10.0,omine_centered_window,13,355.21489971346705,356.5386819484241,1.3237822349570365
14,357.126,367.126,10.0,omine_centered_window,14,361.7249283667622,362.5272206303725,0.8022922636102976
15,369.202,379.202,10.0,omine_centered_window,15,374.07163323782237,374.3323782234957,0.26074498567334103
16,381.649,391.649,10.0,omine_centered_window,16,386.31805157593124,386.9799426934097,0.6618911174784898
17,394.794,404.794,10.0,omine_centered_window,17,399.55300859598856,400.03438395415475,0.4813753581661899
18,438.61,448.61,10.0,omine_centered_window,18,442.7679083094556,444.45272206303724,1.6848137535816363
19,441.113,451.113,10.0,omine_centered_window,19,445.8022922636103,446.4240687679083,0.6217765042979977
20,443.711,453.711,10.0,omine_centered_window,20,448.269340974212,449.1518624641834,0.8825214899713956
21,458.37,468.37,10.0,omine_centered_window,21,462.8080229226361,463.93123209169056,1.123209169054462
22,462.544,472.544,10.0,omine_centered_window,22,466.4785100286533,468.6103151862464,2.131805157593078
23,468.884,478.884,10.0,omine_centered_window,23,471.20343839541545,476.5644699140401,5.361031518624657
24,476.712,486.712,10.0,omine_centered_window,24,479.3925501432665,484.0315186246418,4.638968481375343
25,483.219,493.219,10.0,omine_centered_window,25,487.40687679083095,489.0315186246418,1.6246418338108697
26,496.027,506.027,10.0,omine_centered_window,26,500.07449856733524,501.9799426934097,1.9054441260744852
27,499.954,509.954,10.0,omine_centered_window,27,503.2492836676218,506.6590257879656,3.4097421203438216
28,504.784,514.784,10.0,omine_centered_window,28,508.89111747851,510.67621776504296,1.785100286532952
29,508.901,518.901,10.0,omine_centered_window,29,512.7879656160459,515.0143266475644,2.226361031518536
30,514.122,524.122,10.0,omine_centered_window,30,517.8481375358166,520.3954154727794,2.5472779369628142
31,530.301,540.301,10.0,omine_centered_window,31,535.1805157593124,535.4212034383954,0.24068767908306654
32,546.388,556.388,10.0,omine_centered_window,32,550.7965616045846,551.9799426934097,1.183381088825172
33,548.6,558.6,10.0,omine_centered_window,33,553.2492836676217,553.9512893982808,0.7020057306590388
34,573.049,583.049,10.0,omine_centered_window,34,577.6275071633238,578.4699140401146,0.8424068767908466
35,593.851,603.851,10.0,omine_centered_window,35,598.3896848137535,599.3123209169055,0.9226361031519446
36,599.182,609.182,10.0,omine_centered_window,36,602.5071633237823,605.8567335243553,3.349570200572998
37,603.019,613.019,10.0,omine_centered_window,37,606.6045845272206,609.432664756447,2.8280802292264298
38,607.367,617.367,10.0,omine_centered_window,38,611.5243553008596,613.2091690544413,1.6848137535816932
39,611.08,621.08,10.0,omine_centered_window,39,614.9942693409743,617.1661891117478,2.1719197707735702
40,630.054,640.054,10.0,omine_centered_window,40,633.971346704871,636.1375358166189,2.1661891117478262
41,670.378,680.378,10.0,omine_centered_window,41,674.3724928366762,676.3839541547278,2.0114613180516017
42,671.855,681.855,10.0,omine_centered_window,42,676.6647564469914,677.0458452722063,0.3810888252148743
43,673.791,683.791,10.0,omine_centered_window,43,678.5702005730659,679.0114613180516,0.4412607449856978
44,688.931,698.931,10.0,omine_centered_window,44,693.8309455587392,694.0315186246419,0.20057306590263124
45,700.636,710.636,10.0,omine_centered_window,45,704.2922636103152,706.9799426934097,2.6876790830945083
46,707.838,717.838,10.0,omine_centered_window,46,711.4240687679084,714.2521489971347,2.828080229226316
47,726.107,736.107,10.0,omine_centered_window,47,730.2349570200573,731.9799426934097,1.744985673352403
48,748.881,758.881,10.0,omine_centered_window,48,753.6303724928367,754.1318051575931,0.5014326647564076
49,759.433,769.433,10.0,omine_centered_window,49,763.8309455587392,765.0343839541547,1.2034383954154464
50,772.648,782.648,10.0,omine_centered_window,50,776.704871060172,778.5902578796562,1.8853868194842107
51,776.153,786.153,10.0,omine_centered_window,51,780.0,782.3065902578796,2.306590257879634
52,798.4,808.4,10.0,omine_centered_window,52,802.4269340974212,804.3724928366762,1.9455587392550342
53,800.546,810.546,10.0,omine_centered_window,53,805.3352435530086,805.756446991404,0.4212034383954233
54,841.138,851.138,10.0,omine_centered_window,54,845.8567335243553,846.4183381088825,0.561604584527231
55,865.095,875.095,10.0,omine_centered_window,55,869.6934097421204,870.4957020057307,0.8022922636102976
56,881.274,891.274,10.0,omine_centered_window,56,886.1432664756447,886.4040114613181,0.26074498567334103
57,898.149,908.149,10.0,omine_centered_window,57,902.3467048710602,903.9512893982808,1.6045845272205952
58,904.393,914.393,10.0,omine_centered_window,58,909.2521489971347,909.5329512893983,0.2808022922636155
59,905.175,915.175,10.0,omine_centered_window,59,910.054441260745,910.295128939828,0.24068767908306654
60,947.437,957.437,10.0,omine_centered_window,60,952.2464183381089,952.6275071633238,0.3810888252148743
61,977.858,987.858,10.0,omine_centered_window,61,982.3467048710602,983.3696275071633,1.0229226361030896
62,986.394,996.394,10.0,omine_centered_window,62,991.0028653295129,991.785100286533,0.7822349570200231
63,987.437,997.437,10.0,omine_centered_window,63,992.2263610315186,992.6475644699141,0.4212034383954233
64,990.626,1000.626,10.0,omine_centered_window,64,994.2722063037249,996.9799426934097,2.707736389684783
65,1010.165,1020.165,10.0,omine_centered_window,65,1014.0716332378223,1016.2578796561604,2.1862464183381007
66,1013.289,1023.289,10.0,omine_centered_window,66,1017.567335243553,1019.0114613180516,1.4441260744986266
67,1045.579,1055.579,10.0,omine_centered_window,67,1049.272206303725,1051.8853868194842,2.613180515759268
68,1059.376,1069.376,10.0,omine_centered_window,68,1067.1661891117478,1067.3667621776503,0.20057306590251756
